folder,file,column,label,labelTypo,severalfd,mean,stddev,median,min,max,upquar,lowquar,loc,uniquemm,uniquett,rpos,rneg,rzero,numtype,numcol,samedig,neibornum
datafile,example_mesure2.csv,IdCus,0,0,1,1003.125,0.0018020900022919467,1003.0,1001.0,1006.0,1001.75,1004.25,0.0,0.8333333333333334,0.75,1.0,0.0,0.0,1,0.2631578947368421,1,0.0
datafile,example_mesure2.csv,Age,0,0,1,34.0,0.34658135508069376,32.0,22.0,57.0,25.0,36.75,0.1111111111111111,5.833333333333333,0.75,1.0,0.0,0.0,1,0.2631578947368421,1,0.0
datafile,example_mesure2.csv,MemLevel,0,0,1,1.125,0.7417981870189156,1.0,0.0,2.0,0.75,2.0,0.3888888888888889,0.6666666666666666,0.375,0.75,0.0,0.25,1,0.2631578947368421,1,0.0
datafile,example_mesure2.csv,Price(€),0,1,1,821.06,0.6590604119812449,822.495,125.0,1599.99,399.625,1125.0,0.9444444444444444,184.37375,1.0,1.0,0.0,0.0,0,0.2631578947368421,0,0.5
datafile,example_mesure2.csv,Qty,0,0,1,1.875,0.44507891221134943,2.0,1.0,3.0,1.0,2.25,1.0,0.6666666666666666,0.375,1.0,0.0,0.0,1,0.2631578947368421,1,1.0
